{
  "inputs": {
    "parquet": "C:\\Users\\Matthias\\.vscode\\projects\\cpu data analysis\\cpu-analytics-athlete\\data\\processed\\openipf.parquet",
    "min_meets": 15,
    "holdout": 3,
    "horizons_months": [
      3,
      6,
      12,
      18
    ]
  },
  "summary": {
    "engines": [
      {
        "engine": "engine_c",
        "lifter_count": 50,
        "mape_by_horizon": {
          "3": 3.9470553689524235,
          "6": 3.8858894120184955,
          "12": 6.998703967645558,
          "18": 5.160281861608298
        },
        "sample_sizes_by_horizon": {
          "3": 29,
          "6": 37,
          "12": 35,
          "18": 19
        }
      },
      {
        "engine": "log_linear",
        "lifter_count": 50,
        "mape_by_horizon": {
          "3": 4.705159764672654,
          "6": 5.6389274001155725,
          "12": 9.662414414956219,
          "18": 7.282188815220064
        },
        "sample_sizes_by_horizon": {
          "3": 29,
          "6": 37,
          "12": 35,
          "18": 19
        }
      },
      {
        "engine": "gompertz",
        "lifter_count": 50,
        "mape_by_horizon": {
          "3": 3.1734701285772178,
          "6": 2.7954307932143383,
          "12": 6.267812751669548,
          "18": 3.6089693394633167
        },
        "sample_sizes_by_horizon": {
          "3": 22,
          "6": 31,
          "12": 27,
          "18": 16
        }
      }
    ],
    "processed_lifters": 50
  },
  "ship_gate": {
    "engine_c_mape_6mo_limit": 6.0,
    "engine_c_mape_12mo_limit": 12.0,
    "log_linear_margin_12mo_limit_pp": 2.0
  }
}