{
  "inputs": {
    "parquet": "data\\processed\\openipf_global.parquet",
    "min_meets": 15,
    "holdout": 3,
    "horizons_months": [
      3,
      6,
      12,
      18
    ]
  },
  "summary": {
    "engines": [
      {
        "engine": "engine_c",
        "lifter_count": 1830,
        "mape_by_horizon": {
          "3": 3.9508229511583215,
          "6": 4.479569945060809,
          "12": 5.268796979628173,
          "18": 6.689528437644576
        },
        "sample_sizes_by_horizon": {
          "3": 1100,
          "6": 1276,
          "12": 1169,
          "18": 650
        }
      },
      {
        "engine": "log_linear",
        "lifter_count": 1830,
        "mape_by_horizon": {
          "3": 5.507538424683591,
          "6": 6.339544599240519,
          "12": 7.6874784953106055,
          "18": 9.910487181848787
        },
        "sample_sizes_by_horizon": {
          "3": 1100,
          "6": 1276,
          "12": 1169,
          "18": 650
        }
      },
      {
        "engine": "gompertz",
        "lifter_count": 1830,
        "mape_by_horizon": {
          "3": 3.653545997914977,
          "6": 3.973302401720393,
          "12": 4.417252938045568,
          "18": 5.060500646953755
        },
        "sample_sizes_by_horizon": {
          "3": 837,
          "6": 986,
          "12": 875,
          "18": 490
        }
      }
    ],
    "processed_lifters": 1830
  },
  "ship_gate": {
    "engine_c_mape_6mo_limit": 6.0,
    "engine_c_mape_12mo_limit": 12.0,
    "log_linear_margin_12mo_limit_pp": 2.0
  }
}